{
  "type": "service_account",
  "project_id": "project_id",
  "private_key_id": "private_key_id",
  "private_key": "-----BEGIN PRIVATE KEY-----\nprivate_key_here==\n-----END PRIVATE KEY-----\n",
  "client_email": "firebase-adminsdk-fbsvc@project_id.iam.gserviceaccount.com",
  "client_id": "1234567890",
  "auth_uri": "https://accounts.google.com/o/oauth2/auth",
  "token_uri": "https://oauth2.googleapis.com/token",
  "auth_provider_x509_cert_url": "https://www.googleapis.com/oauth2/v1/certs",
  "client_x509_cert_url": "https://www.googleapis.com/robot/v1/metadata/x509/firebase-adminsdk-fbsvc%40project_id.iam.gserviceaccount.com",
  "universe_domain": "googleapis.com"
}
